id,nome,email,cidade,estado,telefone
1,Nancy Ruiz,nruiz0@usnews.com,Sundbyberg,Stockholm,46-(797)103-9209
2,Matthew Bowman,mbowman1@hud.gov,Gedera,,972-(542)545-5149
3,Jeffrey Evans,jevans2@list-manage.com,Tirah,,972-(665)376-3585
4,Daniel Campbell,dcampbell3@va.gov,Sudo,,62-(362)720-3785
5,Nicole Scott,nscott4@opera.com,Río Guayabal de Yateras,,53-(997)119-4558
6,Carol Garcia,cgarcia5@github.com,Várzea,Braga,351-(616)155-4022
7,Matthew Hunter,mhunter6@sun.com,Dusun Desa Bunter,,62-(464)329-1639
8,Terry Kelley,tkelley7@indiegogo.com,Sidomulyo,,62-(518)776-9412
9,Jeremy Johnson,jjohnson8@timesonline.co.uk,Qingyang,,86-(331)107-9589
10,Kathleen Hughes,khughes9@edublogs.org,Piripiri,,55-(270)777-9283
11,Rachel Knight,rknighta@indiegogo.com,Liuyuan,,86-(253)396-9679
12,Timothy Collins,tcollinsb@hhs.gov,Suwa,,81-(985)152-3223
13,Jimmy Lewis,jlewisc@mac.com,Ciparay,,62-(425)431-5117
14,Pamela Alexander,palexanderd@stanford.edu,Bang Rakam,,66-(867)217-9688
15,Kathy Mendoza,kmendozae@smh.com.au,Anuchino,,7-(722)281-3239
16,Ruth Hunter,rhunterf@chicagotribune.com,Tengger,,62-(770)948-5142
17,Dorothy Cunningham,dcunninghamg@tinypic.com,Atlasovo,,7-(219)317-8970
18,Daniel Watkins,dwatkinsh@csmonitor.com,Tyczyn,,48-(234)850-8922
19,Raymond Taylor,rtaylori@arizona.edu,Contraalmirante Cordero,,54-(474)639-5981
20,Pamela Gray,pgrayj@theglobeandmail.com,Dongping,,86-(534)344-9824
21,Nicholas Smith,nsmithk@fastcompany.com,Weiwangzhuang,,86-(120)154-8744
22,Jerry Jacobs,jjacobsl@networkadvertising.org,Santos Evos,Viseu,351-(199)479-5913
23,Aaron Robinson,arobinsonm@prweb.com,Jbaïl,,961-(593)709-0826
24,Lawrence Cole,lcolen@jalbum.net,Tobilolong,,62-(190)224-6218
25,Tina Taylor,ttayloro@aboutads.info,Starokucherganovka,,7-(184)266-2025
26,Raymond Bennett,rbennettp@is.gd,Awar-awar,,62-(321)457-0598
27,Laura Hughes,lhughesq@chron.com,Kodra,,380-(886)760-5540
28,Louise Freeman,lfreemanr@hatena.ne.jp,Barice,,387-(377)176-1999
29,John Vasquez,jvasquezs@miitbeian.gov.cn,Imus,,63-(312)463-3521
30,Jerry Garcia,jgarciat@ovh.net,Imielin,,48-(245)870-9952
31,Julie Riley,jrileyu@weebly.com,Mégara,,30-(577)294-2638
32,Emily Reid,ereidv@domainmarket.com,Nysa,,48-(235)508-8581
33,Charles Crawford,ccrawfordw@biblegateway.com,Zhangzhishan,,86-(744)659-0077
34,Rebecca Russell,rrussellx@marriott.com,Nuwaybi‘a,,20-(442)518-7281
35,Catherine Kelly,ckellyy@bluehost.com,Kamenka,,7-(575)977-1981
36,Jimmy Russell,jrussellz@sitemeter.com,Raczki,,48-(791)250-2918
37,Jacqueline Riley,jriley10@go.com,Aristóbulo del Valle,,54-(463)970-6978
38,George Stanley,gstanley11@army.mil,Rennes,Bretagne,33-(126)708-8365
39,Peter Peterson,ppeterson12@mozilla.com,Carvalheira,Viana do Castelo,351-(676)104-6383
40,Amanda Watkins,awatkins13@edublogs.org,Gaobeijie,,86-(877)788-4936
41,Lawrence Collins,lcollins14@wix.com,Kuiyong,,86-(464)628-8320
42,Larry Medina,lmedina15@mapquest.com,Gucheng,,86-(338)519-1096
43,Mildred Harrison,mharrison16@yahoo.com,Heitan,,86-(915)237-6683
44,Clarence Walker,cwalker17@technorati.com,Concepción de la Barranca,,504-(171)609-3307
45,Linda Garcia,lgarcia18@tumblr.com,Dobrzeń Wielki,,48-(766)424-7404
46,Sean Spencer,sspencer19@mediafire.com,Dzyatlava,,375-(587)687-0908
47,Adam Schmidt,aschmidt1a@bloomberg.com,Sucre,,51-(488)610-2985
48,Sara Holmes,sholmes1b@eventbrite.com,Santa Clara,,63-(228)767-4742
49,Annie Ellis,aellis1c@blog.com,Rennes,Bretagne,33-(876)806-1628
50,Phillip Murphy,pmurphy1d@washington.edu,Sukmoilang,,62-(638)294-9680
51,Jessica Ortiz,jortiz1e@biblegateway.com,Xiaoshi,,86-(223)199-7651
52,Evelyn Edwards,eedwards1f@virginia.edu,Puncakwangi,,62-(262)928-6383
53,Willie Porter,wporter1g@jalbum.net,Kuncen,,62-(905)810-3395
54,Keith Anderson,kanderson1h@bloglines.com,Perechyn,,380-(263)917-0255
55,Amy Taylor,ataylor1i@wordpress.org,Zhanbei,,86-(542)841-0130
56,Brian Oliver,boliver1j@google.cn,Donghoufang,,86-(695)686-2665
57,Eric Morris,emorris1k@ucoz.com,Duobagou,,86-(699)792-0079
58,Russell Stephens,rstephens1l@alexa.com,Tawau,Sabah,60-(101)268-0567
59,Nicholas Johnson,njohnson1m@sakura.ne.jp,Portela,Vila Real,351-(678)557-0060
60,Christine Smith,csmith1n@amazon.co.jp,San Jose,,63-(468)622-6401
61,Jerry Pierce,jpierce1o@ehow.com,Selemadeg Kelod,,62-(986)856-8186
62,Irene Fuller,ifuller1p@imdb.com,Tomelilla,Skåne,46-(751)930-9832
63,George Ford,gford1q@infoseek.co.jp,La Falda,,54-(508)959-3719
64,Eugene Wheeler,ewheeler1r@jiathis.com,Port-au-Prince,,509-(197)413-0096
65,Matthew Sullivan,msullivan1s@unc.edu,Sukarara Utara,,62-(438)560-8923
66,Nicholas Jordan,njordan1t@google.co.jp,Perfilovo,,7-(517)792-3243
67,Martin Bradley,mbradley1u@tinyurl.com,Markaz-e Woluswalī-ye Āchīn,,93-(838)886-6032
68,Raymond Lee,rlee1v@ebay.co.uk,Nailong,,63-(656)608-7495
69,William Sullivan,wsullivan1w@abc.net.au,Hanghuadian,,86-(155)608-3406
70,Ruby Griffin,rgriffin1x@google.cn,Lavrica,,386-(707)938-6035
71,Evelyn Wells,ewells1y@weibo.com,Xinan,,86-(709)228-5027
72,Deborah Harper,dharper1z@unc.edu,Kushima,,81-(188)437-2495
73,Gregory Ross,gross20@blog.com,Kuantan,Pahang,60-(381)150-7199
74,Walter Rice,wrice21@washington.edu,Rekowo Dolne,,48-(643)800-5131
75,Nicole Montgomery,nmontgomery22@google.de,Opinogóra Górna,,48-(434)459-6709
76,Heather Sims,hsims23@skyrock.com,Sukoanyar,,62-(359)616-0792
77,Patricia Torres,ptorres24@opera.com,Vári,,30-(889)753-0341
78,Joe Shaw,jshaw25@wiley.com,Yambol,,359-(943)738-5713
79,Debra Brown,dbrown26@nhs.uk,Bowang,,86-(812)289-4153
80,Janet Ramirez,jramirez27@ycombinator.com,Montréal-Ouest,Québec,1-(273)424-6757
81,Amanda Snyder,asnyder28@google.it,Ginatilan,,63-(206)440-2532
82,Brian Foster,bfoster29@rambler.ru,Mina de São Domingos,Beja,351-(897)360-1768
83,Jeffrey Morales,jmorales2a@elegantthemes.com,Kiambu,,254-(111)810-1083
84,John Miller,jmiller2b@oakley.com,Baykonyr,,7-(569)550-0151
85,Eric Henderson,ehenderson2c@netvibes.com,Sumberkindagan,,62-(186)103-9845
86,Sara Arnold,sarnold2d@vimeo.com,Malichang,,86-(398)701-7259
87,Andrea Burton,aburton2e@gov.uk,Cibulakan,,62-(665)796-4182
88,Harold Wheeler,hwheeler2f@webmd.com,Xufu,,86-(904)524-6111
89,Benjamin Barnes,bbarnes2g@weather.com,Waipukang,,62-(595)767-3251
90,Helen Armstrong,harmstrong2h@sakura.ne.jp,El Capulin,Mexico,52-(355)404-7229
91,Keith Robinson,krobinson2i@scribd.com,Chujiang,,86-(604)207-9622
92,Bruce Austin,baustin2j@forbes.com,Jeminay,,86-(481)842-9915
93,Henry Torres,htorres2k@feedburner.com,Lurugan,,63-(624)775-1220
94,Judy Bennett,jbennett2l@cisco.com,Nariño,,57-(816)438-0402
95,Helen Cooper,hcooper2m@tamu.edu,Gandu,,62-(334)710-4403
96,Michelle Bradley,mbradley2n@blog.com,Muarapinang,,62-(739)432-3432
97,Diana Ferguson,dferguson2o@acquirethisname.com,Jiangshi,,86-(187)758-8514
98,David Gardner,dgardner2p@umich.edu,Gengwan,,86-(591)249-4166
99,Terry Berry,tberry2q@flavors.me,Mataquescuintla,,502-(697)686-4131
100,Julie Ford,jford2r@t-online.de,Fangtang,,86-(556)605-4090
101,Irene Bradley,ibradley2s@cdbaby.com,Nice,Provence-Alpes-Côte d'Azur,33-(370)832-8580
102,Ann Ferguson,aferguson2t@pcworld.com,Donetsk,,380-(111)180-5955
103,Peter Berry,pberry2u@narod.ru,Changqi,,86-(935)431-3209
104,Helen Webb,hwebb2v@guardian.co.uk,Citarik,,62-(120)420-6290
105,Denise Cunningham,dcunningham2w@nba.com,Tacoma,Washington,1-(253)987-1480
106,Matthew Webb,mwebb2x@buzzfeed.com,Dobra,,48-(412)615-5173
107,Clarence Morris,cmorris2y@vkontakte.ru,Hetai,,86-(520)885-4954
108,Kimberly Medina,kmedina2z@microsoft.com,Piet Retief,,27-(552)359-5869
109,Matthew Payne,mpayne30@wunderground.com,Bern,Kanton Bern,41-(233)991-7813
110,Evelyn Hawkins,ehawkins31@soundcloud.com,Huanglian,,86-(425)342-2750
111,Antonio Miller,amiller32@g.co,Ploemeur,Bretagne,33-(179)224-6284
112,Clarence Boyd,cboyd33@cbslocal.com,Kayukembang,,62-(850)710-1229
113,Martin Day,mday34@hexun.com,Yunxi,,86-(514)969-6793
114,Peter Perry,pperry35@live.com,Baimi,,86-(470)246-5989
115,Jose Reyes,jreyes36@photobucket.com,Agbani,,234-(720)865-2154
116,Johnny Simpson,jsimpson37@ycombinator.com,Paramaribo,,597-(815)715-7424
117,Anne Brown,abrown38@facebook.com,Kárystos,,30-(915)869-7021
118,Judy Mendoza,jmendoza39@cam.ac.uk,Maple Plain,Minnesota,1-(763)633-2186
119,Henry Roberts,hroberts3a@51.la,Główczyce,,48-(312)850-0959
120,Christina Simmons,csimmons3b@e-recht24.de,Halle,Sachsen-Anhalt,49-(982)561-6116
121,Donald Hanson,dhanson3c@printfriendly.com,Ulluaya,,7-(407)214-5001
122,Carlos Hughes,chughes3d@woothemes.com,Suchen,,86-(483)292-8729
123,Chris Fox,cfox3e@facebook.com,Baisha,,86-(388)999-8656
124,Nicole Hunter,nhunter3f@ebay.com,Loo,,372-(348)184-4957
125,Ann Greene,agreene3g@mit.edu,Massawa,,291-(703)817-5099
126,Janet Long,jlong3h@cisco.com,La Ceja,,57-(374)715-0031
127,David Hart,dhart3i@bbc.co.uk,Chicago,Illinois,1-(312)997-2018
128,Jimmy Ortiz,jortiz3j@storify.com,Los Cedrales,,595-(173)297-0689
129,Jacqueline Cruz,jcruz3k@prnewswire.com,Sebadelhe,Guarda,351-(942)213-0735
130,Daniel Parker,dparker3l@about.me,Colombes,Île-de-France,33-(202)689-1011
131,Catherine Peters,cpeters3m@ucoz.com,Koropí,,30-(510)613-3710
132,Jeremy Lynch,jlynch3n@wp.com,Fuliang,,86-(457)621-5339
133,Janet Ellis,jellis3o@chicagotribune.com,Apoya,,63-(620)360-8250
134,Ashley Larson,alarson3p@wiley.com,Ovruch,,380-(511)608-0112
135,Scott Cruz,scruz3q@shutterfly.com,Igarra,,234-(948)359-7259
136,Raymond Graham,rgraham3r@mlb.com,Gaojiazhuang,,86-(670)595-6774
137,Carol Richardson,crichardson3s@wsj.com,Oekero,,62-(275)493-2390
138,Kelly Gardner,kgardner3t@vkontakte.ru,Sankt Andrä-Höch,Steiermark,43-(843)739-4421
139,Edward Lewis,elewis3u@mail.ru,Bojongaren,,62-(670)244-8390
140,Teresa Walker,twalker3v@princeton.edu,Guxi,,86-(117)203-0397
141,Bruce Burton,bburton3w@mac.com,Jiangdulu,,86-(627)263-9773
142,Raymond Grant,rgrant3x@si.edu,Xinxu,,86-(617)827-0151
143,Eric Jackson,ejackson3y@businesswire.com,Söderhamn,Gävleborg,46-(649)427-9351
144,Jennifer Davis,jdavis3z@icio.us,Zyuzino,,7-(351)185-0248
145,Thomas Cook,tcook40@disqus.com,Calvaria de Baixo,Leiria,351-(632)322-1229
146,Kevin Tucker,ktucker41@mozilla.com,Bajiao,,86-(861)219-3341
147,Thomas Grant,tgrant42@prnewswire.com,Xiahan,,86-(860)759-1886
148,Cheryl Ortiz,cortiz43@wikimedia.org,Mthatha,,27-(236)206-1511
149,Frank Clark,fclark44@flickr.com,Nanjing,,86-(836)620-5825
150,Dennis Powell,dpowell45@psu.edu,Shangyuan,,86-(454)347-3951
151,Anthony Foster,afoster46@apple.com,Rawuk,,62-(978)993-8423
152,Rose Jones,rjones47@shutterfly.com,Thiès Nones,,221-(123)823-2376
153,Tammy Campbell,tcampbell48@msu.edu,Sugito,,81-(962)392-7464
154,Russell James,rjames49@unc.edu,Futian,,86-(169)915-1351
155,Anna West,awest4a@paypal.com,Sysert’,,7-(110)505-2674
156,Martin Larson,mlarson4b@apache.org,Margacina,,62-(397)592-9741
157,Phyllis Riley,priley4c@usda.gov,Qiancheng,,86-(707)461-5861
158,Irene Moreno,imoreno4d@gov.uk,Sơn Trà,,84-(608)450-0404
159,Larry Rogers,lrogers4e@nsw.gov.au,San Francisco,San Luis Potosi,52-(545)445-9047
160,Marie Chapman,mchapman4f@hugedomains.com,Mangulile,,504-(101)275-5602
161,Harold Green,hgreen4g@zdnet.com,Yandun,,86-(833)597-8067
162,Robin Wells,rwells4h@alibaba.com,Nowshahr,,98-(989)610-1718
163,Emily Reyes,ereyes4i@irs.gov,Domont,Île-de-France,33-(474)309-7239
164,Beverly Johnson,bjohnson4j@earthlink.net,Ciudad Nueva,,1-(249)639-9563
165,Paula Washington,pwashington4k@huffingtonpost.com,Thiers,Auvergne,33-(766)374-9945
166,Harry Fowler,hfowler4l@purevolume.com,Świebodzice,,48-(889)746-7738
167,Mark Black,mblack4m@umn.edu,Yalagüina,,505-(511)377-4581
168,Gloria Stevens,gstevens4n@sun.com,Timezgadiouine,,212-(906)517-4557
169,Joseph Stewart,jstewart4o@admin.ch,Palestina,,57-(575)852-8362
170,Jack Evans,jevans4p@ehow.com,Cinangka,,62-(817)512-8613
171,Frank Owens,fowens4q@privacy.gov.au,Fengzhou,,86-(768)773-6461
172,Andrew Price,aprice4r@furl.net,Omaruru,,264-(284)423-4699
173,Robert Tucker,rtucker4s@webnode.com,Batulenger Barat,,62-(379)675-6553
174,Kimberly Fowler,kfowler4t@whitehouse.gov,Manzurka,,7-(503)253-4748
175,Adam Phillips,aphillips4u@pagesperso-orange.fr,Funchalinho,Setúbal,351-(548)533-4201
176,Ruby Cooper,rcooper4v@shutterfly.com,Thompson,Manitoba,1-(939)517-6518
177,William Martin,wmartin4w@myspace.com,Västra Frölunda,Västra Götaland,46-(313)546-1814
178,Steve Lynch,slynch4x@360.cn,Pillpinto,,51-(511)835-2341
179,Philip Jackson,pjackson4y@dyndns.org,Usagara,,255-(795)963-6654
180,Jimmy Cox,jcox4z@npr.org,Suez,,20-(176)466-3540
181,Christine Martinez,cmartinez50@boston.com,Cuenca,,593-(867)105-7688
182,Raymond Bryant,rbryant51@elpais.com,Eshan,,86-(799)134-0475
183,Ronald Willis,rwillis52@wikispaces.com,Libas,,63-(521)760-9819
184,Harold Palmer,hpalmer53@answers.com,Hongtang,,86-(931)772-3805
185,Gary Smith,gsmith54@imageshack.us,Gyangkar,,86-(559)217-8195
186,Debra Smith,dsmith55@linkedin.com,Ambato,,593-(519)718-0282
187,Dorothy Phillips,dphillips56@goo.ne.jp,Sugcad,,63-(700)617-8917
188,Joyce Reid,jreid57@bluehost.com,Prado,Porto,351-(744)131-7674
189,Stephen George,sgeorge58@fastcompany.com,Desovo,,389-(452)787-0046
190,Norma Davis,ndavis59@addtoany.com,Qarqīn,,93-(804)368-7286
191,Kathy Watkins,kwatkins5a@globo.com,Ekibastuz,,7-(640)124-4365
192,Antonio King,aking5b@ft.com,Noebana,,62-(495)293-3033
193,Kevin Dean,kdean5c@i2i.jp,Cungapmimbo,,62-(923)679-3569
194,Phillip Little,plittle5d@wunderground.com,Quy Đạt,,84-(322)876-2485
195,David Williams,dwilliams5e@statcounter.com,Il’inskiy Pogost,,7-(580)290-5292
196,Lawrence Carr,lcarr5f@examiner.com,Marabá,,55-(174)298-2494
197,Amy Bryant,abryant5g@businessweek.com,Daloa,,225-(579)248-0739
198,John Cooper,jcooper5h@telegraph.co.uk,Shanxi,,86-(496)522-6609
199,Clarence Cole,ccole5i@yellowbook.com,Changuillo,,51-(552)952-4692
200,Jesse Olson,jolson5j@smugmug.com,Vanadzor,,374-(374)283-1567
201,Jessica Hanson,jhanson5k@senate.gov,Palkovice,,420-(941)124-4532
202,Beverly Edwards,bedwards5l@ebay.com,Ra-ngae,,66-(268)411-4911
203,Daniel Olson,dolson5m@mlb.com,Kukushtan,,7-(875)154-9612
204,Adam Fernandez,afernandez5n@msn.com,Niejiahe,,86-(578)161-1915
205,Thomas Mason,tmason5o@harvard.edu,Lahān,,977-(903)994-9699
206,Randy Hamilton,rhamilton5p@ebay.com,Cikendi,,62-(852)557-3463
207,Linda Ortiz,lortiz5q@booking.com,Sumberngerjat,,62-(404)896-7183
208,Norma Jackson,njackson5r@twitter.com,Chifeng,,86-(832)792-5692
209,Joyce Greene,jgreene5s@abc.net.au,Všenory,,420-(743)139-8934
210,Jose Lawrence,jlawrence5t@sitemeter.com,Montargis,Centre,33-(256)685-9594
211,Walter Gonzalez,wgonzalez5u@harvard.edu,Karakol,,996-(388)894-8656
212,Jerry Reynolds,jreynolds5v@e-recht24.de,Asan-Maina Village,,1-(313)315-0891
213,Ashley Ramirez,aramirez5w@admin.ch,Sudoměřice,,420-(748)285-1965
214,Robin Pierce,rpierce5x@springer.com,Niuzhuang,,86-(523)169-2494
215,Dennis Franklin,dfranklin5y@sitemeter.com,Catujal,Lisboa,351-(856)415-2471
216,Janice Sanchez,jsanchez5z@jimdo.com,Kuala Lumpur,Kuala Lumpur,60-(524)633-9466
217,Jesse Montgomery,jmontgomery60@irs.gov,Alapayevsk,,7-(530)520-3095
218,George Cole,gcole61@elpais.com,Armstrong,British Columbia,1-(431)923-1807
219,Barbara Hansen,bhansen62@scientificamerican.com,Uyutne,,380-(320)513-5951
220,Betty Harper,bharper63@buzzfeed.com,Kepoh,,62-(815)490-7312
221,Kevin Marshall,kmarshall64@addtoany.com,Terjan,,62-(102)862-9068
222,Cynthia Cooper,ccooper65@businesswire.com,Flushing,New York,1-(917)709-7719
223,Stephanie Edwards,sedwards66@arizona.edu,Vrbas,,381-(816)929-0834
224,Jonathan Rice,jrice67@google.fr,Shklo,,380-(113)677-0910
225,Rachel Simpson,rsimpson68@facebook.com,Cabreúva,,55-(911)133-3300
226,Judy Ferguson,jferguson69@etsy.com,Spodnja Hajdina,,386-(991)975-1801
227,Clarence Morales,cmorales6a@google.com.au,Kremenets’,,380-(434)326-4339
228,Nicholas Allen,nallen6b@vk.com,Matou,,86-(734)538-5503
229,Debra Sullivan,dsullivan6c@com.com,Singida,,255-(181)382-5715
230,Beverly Jordan,bjordan6d@ezinearticles.com,Schifflange,,352-(129)932-6958
231,Howard Bryant,hbryant6e@alibaba.com,Dashtavan,,374-(104)425-9051
232,Irene Rogers,irogers6f@artisteer.com,Maymana,,93-(850)130-6437
233,Nancy Coleman,ncoleman6g@t-online.de,Las Tejeras,,504-(668)876-8048
234,Phillip Sullivan,psullivan6h@bravesites.com,Laocheng,,86-(492)607-6498
235,Christopher Black,cblack6i@china.com.cn,Guanzhuang,,86-(655)634-9625
236,Gloria Rose,grose6j@yellowpages.com,North York,Ontario,1-(661)429-3241
237,Cheryl Graham,cgraham6k@bbc.co.uk,Caeté,,55-(228)669-5726
238,Jeffrey Franklin,jfranklin6l@mediafire.com,Cucuyagua,,504-(835)534-3810
239,Paul Cook,pcook6m@gravatar.com,Balykchy,,996-(650)691-6691
240,Marie Garrett,mgarrett6n@netlog.com,Jian’ou,,86-(729)732-7069
241,Rose Murphy,rmurphy6o@rediff.com,Jiuzhai,,86-(123)795-6590
242,Rebecca Ford,rford6p@tumblr.com,Shitan,,86-(592)220-5451
243,Kenneth Williamson,kwilliamson6q@bluehost.com,Frederiksberg,Region Hovedstaden,45-(475)592-9105
244,Ruby Jones,rjones6r@opensource.org,Lambangan Kulon,,62-(441)617-9914
245,Sandra Sims,ssims6s@freewebs.com,Ya’ergenchu,,86-(131)429-0149
246,Roger Bennett,rbennett6t@sina.com.cn,Karangsari,,62-(714)408-2315
247,Samuel Lane,slane6u@nasa.gov,Seso,,62-(590)265-9771
248,Michelle Smith,msmith6v@spotify.com,Auriflama,,55-(426)898-1501
249,Judith Richardson,jrichardson6w@furl.net,Kilmacanoge,,353-(141)556-6355
250,Steven Howell,showell6x@rambler.ru,Talawi,,62-(504)767-8367
251,Teresa Banks,tbanks6y@scribd.com,Zuolan,,86-(563)489-6998
252,Margaret Freeman,mfreeman6z@imdb.com,Moss,Ostfold,47-(522)200-9347
253,Joan Alexander,jalexander70@purevolume.com,Karangjaladri,,62-(605)548-0575
254,Russell Parker,rparker71@yale.edu,Krajan Gajihan,,62-(931)219-6087
255,Helen Jordan,hjordan72@hugedomains.com,Heka,,86-(295)951-2448
256,Chris Jacobs,cjacobs73@gizmodo.com,Pasirtundun,,62-(530)431-5095
257,Diana Butler,dbutler74@wufoo.com,Ovalle,,56-(649)260-3069
258,Carl Montgomery,cmontgomery75@google.co.jp,Ngembo,,62-(133)587-2066
259,Kimberly Ortiz,kortiz76@t.co,Tacna,,51-(999)235-2815
260,Kenneth Ross,kross77@cdbaby.com,Oodweyne,,252-(136)826-5469
261,Martin Long,mlong78@umich.edu,Juan de Acosta,,57-(940)467-5579
262,Sara Reed,sreed79@addthis.com,Télimélé,,224-(186)987-3066
263,Eugene Garza,egarza7a@europa.eu,Santa Bárbara d'Oeste,,55-(334)707-8740
264,Lisa Ramirez,lramirez7b@google.com.hk,Pyhäranta,,358-(761)513-8300
265,Terry Little,tlittle7c@about.com,Jiuzhou,,86-(950)469-2605
266,Linda Gonzales,lgonzales7d@dedecms.com,San Jose,Guerrero,52-(347)559-2280
267,Jesse Long,jlong7e@cyberchimps.com,Stare Kurowo,,48-(602)324-5963
268,Chris West,cwest7f@deviantart.com,Lipnica,,48-(392)622-6688
269,Shirley Simpson,ssimpson7g@businessweek.com,Vancouver,Washington,1-(360)828-4955
270,Joshua Fowler,jfowler7h@chron.com,Cikole,,62-(899)693-2080
271,Rose Garza,rgarza7i@unblog.fr,Kaem,,62-(944)508-8577
272,Diana Robinson,drobinson7j@fda.gov,Dahedian,,86-(451)202-4368
273,Aaron Bailey,abailey7k@weather.com,Kadipaten,,62-(717)242-6632
274,Shirley Banks,sbanks7l@soup.io,Pagatan,,62-(436)740-7079
275,Doris Stephens,dstephens7m@sciencedaily.com,Sipirok,,62-(943)184-7369
276,Raymond Bell,rbell7n@washingtonpost.com,Calebasses,,230-(550)621-8139
277,Laura Shaw,lshaw7o@omniture.com,Xiangcheng,,86-(709)325-1290
278,Henry Pierce,hpierce7p@goo.ne.jp,El Guapinol,,504-(477)219-1442
279,Jane Burke,jburke7q@google.com.au,Wichian Buri,,66-(461)393-7111
280,William Myers,wmyers7r@cargocollective.com,Chantilly,Picardie,33-(754)337-4126
281,Margaret Hunt,mhunt7s@netscape.com,Midrand,,27-(188)186-1303
282,Chris Payne,cpayne7t@constantcontact.com,Itapaci,,55-(208)885-4161
283,Frank Hudson,fhudson7u@usgs.gov,Trindade,,55-(804)363-0669
284,Dorothy Sanders,dsanders7v@flavors.me,Grenoble,Rhône-Alpes,33-(862)857-0775
285,Sarah Carter,scarter7w@ibm.com,Kumlinge,,358-(875)537-8129
286,Julia Willis,jwillis7x@google.com,Kamionka Wielka,,48-(856)459-4001
287,Linda Robertson,lrobertson7y@columbia.edu,Bralin,,48-(144)689-5332
288,Annie Jordan,ajordan7z@issuu.com,Wuxing,,86-(767)132-2756
289,Nicole Jordan,njordan80@w3.org,Sanxiang,,86-(189)361-0903
290,Bruce Nichols,bnichols81@feedburner.com,Ellinikó,,30-(438)982-9826
291,Gerald Bowman,gbowman82@twitpic.com,Linjiang,,86-(605)943-1931
292,George Shaw,gshaw83@dyndns.org,Dourbali,,235-(986)891-8469
293,Jason Torres,jtorres84@nih.gov,Gaotuan,,86-(738)201-3882
294,Benjamin James,bjames85@sciencedirect.com,Cabanaconde,,51-(311)694-2277
295,Elizabeth Alvarez,ealvarez86@smugmug.com,Vargön,Västra Götaland,46-(148)952-8190
296,Ruth Adams,radams87@columbia.edu,Al Jumūm,,966-(860)856-0145
297,Fred Lee,flee88@livejournal.com,Lamphun,,66-(161)535-6437
298,Billy Hall,bhall89@nps.gov,Hat Yai,,66-(493)449-6504
299,Amanda Simpson,asimpson8a@nifty.com,Abovyan,,374-(581)418-8817
300,Joe Bell,jbell8b@bloglines.com,Ronneby,Blekinge,46-(863)673-5533
301,Anna Shaw,ashaw8c@prlog.org,Palestina,,57-(853)375-5927
302,John Willis,jwillis8d@qq.com,Bosaso,,252-(757)414-7932
303,Joyce Diaz,jdiaz8e@people.com.cn,Conceição das Alagoas,,55-(820)917-0758
304,Joyce Harris,jharris8f@cnbc.com,Paratunka,,7-(811)857-4458
305,Andrew Gonzales,agonzales8g@pbs.org,Mirzāpur,,880-(381)407-9913
306,Randy Martinez,rmartinez8h@telegraph.co.uk,Mopti,,223-(573)576-9511
307,Scott Oliver,soliver8i@macromedia.com,Zhenxing,,86-(449)845-6203
308,Stephen Bradley,sbradley8j@wikispaces.com,La Virtud,,504-(853)353-7376
309,Gary Harris,gharris8k@patch.com,San Lorenzo,Mexico,52-(452)123-9051
310,Joshua Hamilton,jhamilton8l@toplist.cz,Roseau,,1-(697)298-9266
311,Karen Olson,kolson8m@loc.gov,Shanghuang,,86-(840)736-0090
312,Ashley Price,aprice8n@thetimes.co.uk,San Miguel,,63-(409)874-8580
313,Ronald Burns,rburns8o@opera.com,Orlovskiy,,7-(674)104-5071
314,Bruce Oliver,boliver8p@shareasale.com,Sinjār,,963-(234)420-4585
315,Mark Scott,mscott8q@scientificamerican.com,Brunssum,Provincie Limburg,31-(781)586-9857
316,Sharon Austin,saustin8r@instagram.com,Thung Khru,,66-(121)272-1239
317,Andrew Palmer,apalmer8s@berkeley.edu,Urazovo,,7-(755)381-8075
318,Ralph Burton,rburton8t@wikimedia.org,Villarrica,,56-(136)844-0861
319,Wanda Garrett,wgarrett8u@japanpost.jp,Palana,,7-(198)543-4498
320,Virginia Barnes,vbarnes8v@blogger.com,Savonranta,,358-(549)251-0606
321,Marilyn Schmidt,mschmidt8w@guardian.co.uk,Vailoatai,,1-(602)197-0556
322,Mildred Garcia,mgarcia8x@cnet.com,‘Aşīrah ash Shamālīyah,,970-(509)733-3325
323,Randy Wheeler,rwheeler8y@phoca.cz,Butungan,,62-(700)661-9690
324,Howard Lynch,hlynch8z@whitehouse.gov,Jajawai,,62-(883)105-6841
325,Mildred Ferguson,mferguson90@virginia.edu,Sakrand,,92-(955)240-6874
326,Maria Simmons,msimmons91@independent.co.uk,Banjar Serangan,,62-(334)608-3313
327,Louis Kelley,lkelley92@hhs.gov,Santol,,63-(578)115-2765
328,Susan Schmidt,sschmidt93@msn.com,Hirvensalmi,,358-(501)297-5345
329,Michael Cox,mcox94@wikimedia.org,Ukrainka,,380-(486)895-8089
330,Lori Ferguson,lferguson95@disqus.com,Ashcroft,British Columbia,1-(897)382-4309
331,Nicole Watson,nwatson96@boston.com,Fosca,,57-(377)392-7141
332,Christopher Howard,choward97@hugedomains.com,Ćićevac,,381-(382)462-5901
333,Sara Gutierrez,sgutierrez98@bizjournals.com,Daxin,,86-(513)796-6366
334,Linda Ramos,lramos99@state.gov,Wañgan,,63-(187)109-8652
335,Peter Gomez,pgomez9a@accuweather.com,Pianbai,,86-(116)403-0988
336,Matthew Romero,mromero9b@wix.com,Yueshan,,86-(537)924-1346
337,Carol Nelson,cnelson9c@cornell.edu,Seke,,86-(598)383-0934
338,Julie Riley,jriley9d@sbwire.com,Tabwakea Village,,686-(674)991-2458
339,Steve Lawrence,slawrence9e@un.org,Ágios Geórgios,,30-(950)878-8729
340,Elizabeth Wright,ewright9f@weather.com,Ayaviri,,51-(321)593-6124
341,Sharon Bishop,sbishop9g@sciencedirect.com,Qabaqçöl,,994-(956)649-1160
342,Janet Chavez,jchavez9h@europa.eu,Wadusari,,62-(893)836-1860
343,Samuel Sims,ssims9i@devhub.com,Trondheim,Sor-Trondelag,47-(558)724-5840
344,Lois Powell,lpowell9j@ox.ac.uk,Hājīganj,,880-(139)233-1016
345,Janice Sanders,jsanders9k@bloomberg.com,Stavropol’,,7-(817)383-8295
346,Angela Richards,arichards9l@howstuffworks.com,Daultāla,,92-(360)771-5899
347,Louise Carroll,lcarroll9m@bbc.co.uk,Karpogory,,7-(415)945-5519
348,Lawrence Collins,lcollins9n@unicef.org,Orleans,,55-(227)680-6651
349,Joseph Webb,jwebb9o@who.int,Pengembur Dua,,62-(532)961-8564
350,Debra Rice,drice9p@t-online.de,Chyšky,,420-(885)259-7131
351,Ronald Lee,rlee9q@wired.com,Madura,,62-(396)717-2574
352,Bruce Bowman,bbowman9r@dailymail.co.uk,Loimaan Kunta,,358-(530)315-9574
353,Bobby Cunningham,bcunningham9s@homestead.com,Gaocun,,86-(767)810-3569
354,Wanda Fuller,wfuller9t@washingtonpost.com,Paulínia,,55-(243)584-3709
355,Jack Oliver,joliver9u@goo.gl,Nishiwaki,,81-(463)871-8375
356,Louis Daniels,ldaniels9v@facebook.com,Aubagne,Provence-Alpes-Côte d'Azur,33-(698)929-7998
357,George King,gking9w@fda.gov,Kumba,,237-(132)805-7860
358,Mildred Andrews,mandrews9x@pcworld.com,Vera,,54-(839)825-5886
359,Elizabeth Sullivan,esullivan9y@tripod.com,Şānūr,,970-(715)542-8347
360,Gregory Gray,ggray9z@deliciousdays.com,Sölvesborg,Blekinge,46-(138)893-7204
361,Linda Boyd,lboyda0@google.com.au,Dengjia,,86-(351)411-8790
362,Willie Fields,wfieldsa1@guardian.co.uk,Agago,,256-(193)723-3227
363,Beverly Lane,blanea2@zimbio.com,Rybinsk,,7-(702)829-4504
364,Anne Reid,areida3@behance.net,Khao Yoi,,66-(335)432-6445
365,Michelle Hudson,mhudsona4@merriam-webster.com,Melenki,,7-(186)933-8966
366,Karen Ramirez,kramireza5@cornell.edu,Khairpur,,92-(416)329-7436
367,Eric Payne,epaynea6@army.mil,Mauá,,55-(239)905-6770
368,Gregory Phillips,gphillipsa7@icio.us,Hezhi,,86-(576)706-8721
369,Angela Thompson,athompsona8@fc2.com,Luotuo,,86-(248)500-7094
370,Scott Day,sdaya9@discovery.com,Sibayo,,51-(283)204-9513
371,Katherine Henry,khenryaa@java.com,Parzęczew,,48-(343)490-8485
372,Phyllis Reid,preidab@yale.edu,Kizlyar,,7-(993)784-4600
373,Kathleen Dean,kdeanac@desdev.cn,Sila Lat,,66-(156)618-1705
374,Shirley Fuller,sfullerad@tumblr.com,Wuhu,,86-(516)248-9865
375,Donald Austin,daustinae@cam.ac.uk,Grębków,,48-(330)619-1909
376,Evelyn Nguyen,enguyenaf@ucoz.ru,Labuan,Labuan,60-(872)329-1958
377,Mary Weaver,mweaverag@pagesperso-orange.fr,Skärhamn,Västra Götaland,46-(536)666-7204
378,Diane Meyer,dmeyerah@fotki.com,Borzna,,380-(264)523-4978
379,Sara Sanchez,ssanchezai@constantcontact.com,Xuanzhou,,86-(473)855-6303
380,Walter Burton,wburtonaj@miibeian.gov.cn,Kępno,,48-(481)572-9318
381,Maria Woods,mwoodsak@tumblr.com,Kaminoyama,,81-(872)599-3545
382,Lori Gray,lgrayal@sitemeter.com,Broska,,380-(101)102-8292
383,Joan Miller,jmilleram@google.com.hk,Kaliuda,,62-(349)562-8903
384,Charles Richardson,crichardsonan@addthis.com,Jalālpur,,92-(179)812-6492
385,Teresa Hughes,thughesao@skyrock.com,Yuli,,86-(980)292-5043
386,James Knight,jknightap@adobe.com,Cut-cut Primero,,63-(954)703-8343
387,Michael Hill,mhillaq@bbb.org,Chugay,,51-(913)264-1659
388,Antonio Marshall,amarshallar@g.co,Uthai,,66-(811)324-4162
389,Patrick Day,pdayas@businessinsider.com,Shixi,,86-(893)183-3584
390,Debra Oliver,doliverat@intel.com,Ścinawa,,48-(237)519-1560
391,Sara Day,sdayau@psu.edu,Kriel,,27-(459)234-1143
392,Stephanie Thompson,sthompsonav@t.co,København,Region Hovedstaden,45-(188)954-4930
393,Mary Graham,mgrahamaw@stanford.edu,Vilares,Porto,351-(814)493-1677
394,Roy Roberts,rrobertsax@uiuc.edu,Newark,New Jersey,1-(973)312-3825
395,Lori Reynolds,lreynoldsay@naver.com,Takeshiken,,86-(694)931-4037
396,Rachel Hawkins,rhawkinsaz@youtu.be,Verblyany,,380-(916)675-4160
397,Ruth Watson,rwatsonb0@de.vu,Vera Cruz,Évora,351-(910)717-7123
398,Carl Larson,clarsonb1@weibo.com,Qinnan,,86-(217)801-8225
399,Matthew Holmes,mholmesb2@about.me,Kovel’,,380-(345)899-4142
400,Randy Garza,rgarzab3@guardian.co.uk,Mato Cheirinhos,Lisboa,351-(475)963-0071
401,Doris Andrews,dandrewsb4@pen.io,Coroatá,,55-(628)718-8360
402,Ann Anderson,aandersonb5@mozilla.org,Aghajari,,98-(885)478-3657
403,Diana Meyer,dmeyerb6@sciencedirect.com,Příšovice,,420-(696)868-3766
404,Arthur Austin,aaustinb7@geocities.jp,Rayevskiy,,7-(150)294-2241
405,Amy Jones,ajonesb8@home.pl,Vista Alegre,Aveiro,351-(299)329-9171
406,Alan Gibson,agibsonb9@sohu.com,Tegallega,,62-(503)174-6530
407,Marilyn Simpson,msimpsonba@51.la,Gyumri,,374-(615)771-1783
408,Rose Patterson,rpattersonbb@tinypic.com,Badung,,62-(133)828-0977
409,Fred Gilbert,fgilbertbc@cbc.ca,Pasonobenu,,62-(765)458-9168
410,Marilyn Peterson,mpetersonbd@netscape.com,Yashan,,86-(722)906-4944
411,Shawn Foster,sfosterbe@admin.ch,Piojó,,57-(703)913-3159
412,Bruce Gutierrez,bgutierrezbf@hugedomains.com,Ishim,,7-(507)596-4644
413,Antonio Holmes,aholmesbg@sciencedaily.com,Tunasbaru,,62-(140)613-3275
414,Michelle Reed,mreedbh@google.com,Tsuruoka,,81-(754)381-3362
415,Beverly Anderson,bandersonbi@google.it,Reuleuet,,62-(854)384-3607
416,Deborah Miller,dmillerbj@elpais.com,Nankou,,86-(828)522-3565
417,Edward Cook,ecookbk@etsy.com,Nanyue,,86-(283)372-6291
418,Tammy Fuller,tfullerbl@shareasale.com,Xiagong,,86-(337)872-3343
419,Sara Roberts,srobertsbm@blogger.com,Bantengan,,62-(360)646-3403
420,Albert Vasquez,avasquezbn@sitemeter.com,Hugang,,86-(835)680-0013
421,Billy Ramos,bramosbo@moonfruit.com,Hamburg,Hamburg,49-(355)123-6012
422,Frank Kelley,fkelleybp@utexas.edu,Dębów,,48-(613)186-0655
423,Carl Webb,cwebbbq@php.net,Qaxbaş,,994-(536)794-8344
424,Carol Payne,cpaynebr@e-recht24.de,Savonranta,,358-(466)391-0394
425,Frances Day,fdaybs@imgur.com,Anicuns,,55-(102)164-7262
426,Ronald Payne,rpaynebt@biglobe.ne.jp,Karangmulyo,,62-(190)217-0037
427,Rachel Russell,rrussellbu@usatoday.com,Donggaohuang,,86-(488)966-7834
428,Brandon Howell,bhowellbv@engadget.com,Carpentras,Provence-Alpes-Côte d'Azur,33-(669)178-8158
429,Peter Meyer,pmeyerbw@google.com.br,Bueng Khong Long,,66-(229)166-5313
430,Bonnie Jacobs,bjacobsbx@house.gov,Ar Raqqah,,963-(774)206-5688
431,Matthew Sims,msimsby@microsoft.com,Riung,,62-(496)218-7798
432,Bobby Lane,blanebz@cmu.edu,Laya,,63-(494)545-1667
433,Rose Reyes,rreyesc0@epa.gov,Maungatapere,,64-(211)927-8352
434,Raymond Ortiz,rortizc1@blogtalkradio.com,Sinarwangi,,62-(263)491-7803
435,Paula Burton,pburtonc2@dagondesign.com,Namballe,,51-(708)113-7768
436,Timothy Jones,tjonesc3@intel.com,Castelo,,55-(685)674-8876
437,Philip Rice,pricec4@bandcamp.com,Cikembang,,62-(341)468-3146
438,Jesse Duncan,jduncanc5@cnn.com,Sulyukta,,996-(889)536-2105
439,Adam Edwards,aedwardsc6@blogtalkradio.com,Hengshi,,86-(392)130-7782
440,Christopher Harvey,charveyc7@trellian.com,Bicas,Santarém,351-(356)491-8587
441,Harold Sullivan,hsullivanc8@wikispaces.com,Hadapu Zhen,,86-(303)963-0369
442,Susan Wood,swoodc9@istockphoto.com,Oinoússes,,30-(807)664-0945
443,Brenda Holmes,bholmesca@meetup.com,Henghe,,86-(697)933-3637
444,Kimberly Wheeler,kwheelercb@chicagotribune.com,Tabug,,63-(324)848-4929
445,Jonathan Ford,jfordcc@loc.gov,Santa Fe,,63-(969)522-7241
446,George Chapman,gchapmancd@hud.gov,Nāḩiyat Baḩār,,964-(363)674-7390
447,Ralph Medina,rmedinace@soundcloud.com,Saniwonorejo,,62-(605)942-6420
448,Kimberly Morales,kmoralescf@mtv.com,Shuhe,,86-(550)420-1673
449,Frank Burke,fburkecg@shinystat.com,Ishkhoy-Yurt,,7-(226)673-3523
450,Victor Crawford,vcrawfordch@over-blog.com,Manila,,63-(559)888-9568
451,Christopher Hughes,chughesci@xinhuanet.com,Votorantim,,55-(603)538-4786
452,Denise Woods,dwoodscj@unblog.fr,San Francisco,Mexico,52-(272)953-8415
453,Mary Gonzales,mgonzalesck@amazon.de,Pervoavgustovskiy,,7-(191)435-6052
454,Christine Gonzales,cgonzalescl@spotify.com,Stod,,420-(892)101-1206
455,Eric Welch,ewelchcm@networksolutions.com,Sam Ngam,,66-(870)875-0751
456,Evelyn Olson,eolsoncn@amazon.co.uk,San Fernando del Valle de Catamarca,,54-(406)342-5043
457,Willie Gonzales,wgonzalesco@yolasite.com,Parumasan,,62-(836)671-7093
458,Margaret Wilson,mwilsoncp@nationalgeographic.com,Sergokala,,7-(230)256-3099
459,Todd Andrews,tandrewscq@tinypic.com,Machico,Ilha da Madeira,351-(521)582-8163
460,Katherine Willis,kwilliscr@wsj.com,Īlām,,98-(781)980-8433
461,Terry Meyer,tmeyercs@princeton.edu,Azogues,,593-(288)969-0899
462,Robin Bell,rbellct@bizjournals.com,Xuri,,86-(790)990-8748
463,Juan Walker,jwalkercu@livejournal.com,Rosaspata,,51-(537)908-2509
464,Katherine Montgomery,kmontgomerycv@ibm.com,Jingdang,,86-(474)297-5517
465,Debra Weaver,dweavercw@desdev.cn,Molina,,56-(462)791-8569
466,Evelyn Ford,efordcx@umich.edu,Cidima,,62-(651)838-3211
467,Joyce Gordon,jgordoncy@surveymonkey.com,Fengniancun,,86-(227)541-3170
468,Philip Payne,ppaynecz@ucla.edu,Liangwa,,86-(529)308-3394
469,Lori Robinson,lrobinsond0@opera.com,Várzea,Viana do Castelo,351-(341)482-5819
470,Richard Cruz,rcruzd1@cornell.edu,Padre Burgos,,63-(569)592-7972
471,Juan Brown,jbrownd2@theglobeandmail.com,Pingdong,,86-(276)789-6535
472,Patricia Reed,preedd3@about.com,Voiron,Rhône-Alpes,33-(860)758-4169
473,Donald James,djamesd4@scribd.com,Sarapul,,7-(544)885-6715
474,Anna Bryant,abryantd5@dmoz.org,Kemil,,62-(272)859-4330
475,Earl Berry,eberryd6@aboutads.info,San Isidro,Guerrero,52-(205)357-9753
476,Janet Alvarez,jalvarezd7@webs.com,Batroûn,,961-(664)151-9154
477,Dennis Cunningham,dcunninghamd8@home.pl,Ceres,,27-(222)338-3537
478,Lori Rivera,lriverad9@geocities.com,Da’an,,86-(473)706-2089
479,Sean Simpson,ssimpsonda@who.int,København,Region Hovedstaden,45-(627)605-1941
480,Dennis Torres,dtorresdb@europa.eu,Frederiksberg,Region Hovedstaden,45-(915)535-1956
481,Johnny Nichols,jnicholsdc@gov.uk,Baiqi,,86-(497)980-0850
482,Clarence Gomez,cgomezdd@hp.com,Shuangqiao,,86-(532)481-7890
483,Alice Stevens,astevensde@gizmodo.com,Kiten,,359-(906)705-6446
484,James Ray,jraydf@studiopress.com,Baishan,,86-(581)911-9611
485,Ronald West,rwestdg@fc2.com,Shengmi,,86-(329)577-2625
486,Denise Rose,drosedh@wikispaces.com,Strasbourg,Alsace,33-(758)590-1296
487,Cynthia Lawrence,clawrencedi@spiegel.de,Lama,Braga,351-(646)847-4137
488,Cynthia Rodriguez,crodriguezdj@wikimedia.org,Shakhty,,7-(860)216-3995
489,Anne Perry,aperrydk@tmall.com,Chiguang,,86-(876)254-5294
490,Rebecca Wilson,rwilsondl@amazon.co.uk,Le Teil,Rhône-Alpes,33-(344)984-1587
491,Melissa Wallace,mwallacedm@nba.com,Ouro Preto do Oeste,,55-(231)847-8454
492,Janet Coleman,jcolemandn@dmoz.org,Umeå,Västerbotten,46-(519)604-3203
493,Kathryn Burke,kburkedo@indiegogo.com,Chiryū,,81-(181)568-2730
494,Diana Reed,dreeddp@opera.com,Tullyallen,,353-(318)255-9751
495,Diane Barnes,dbarnesdq@webmd.com,Karangnunggal,,62-(946)119-5736
496,Randy Frazier,rfrazierdr@diigo.com,Lianzhou,,86-(219)460-9366
497,Rachel Rose,rroseds@auda.org.au,Strabychovo,,380-(181)806-1945
498,Steven Henderson,shendersondt@mtv.com,Sibaté,,57-(577)283-9735
499,Angela Peters,apetersdu@tinypic.com,Tosno,,7-(562)612-8386
500,Steve Hall,shalldv@yahoo.com,Shuimen,,86-(256)268-1052
501,Kelly Bennett,kbennettdw@nydailynews.com,Golynki,,7-(512)703-0073
502,Bruce Duncan,bduncandx@youtu.be,Zoumaling,,86-(219)318-8671
503,James Cooper,jcooperdy@indiatimes.com,Samajie Ewenkeminzu,,86-(577)490-6056
504,Paul Daniels,pdanielsdz@nationalgeographic.com,Khvānsār,,98-(101)977-0341
505,Anne Bishop,abishope0@istockphoto.com,Gaowu,,86-(628)543-0538
506,Alan Mccoy,amccoye1@delicious.com,Lepoglava,,385-(691)341-1465
507,Tammy Mitchell,tmitchelle2@edublogs.org,Masoyila,,232-(917)608-0747
508,Walter Bowman,wbowmane3@gov.uk,Bordeaux,Aquitaine,33-(332)138-6670
509,Barbara Williamson,bwilliamsone4@paypal.com,Niederwaldkirchen,Oberösterreich,43-(772)612-1776
510,Rose Cunningham,rcunninghame5@gnu.org,Wenfang,,86-(880)925-7236
511,Samuel Sims,ssimse6@amazon.co.jp,New York City,New York,1-(212)655-8095
512,Juan Warren,jwarrene7@amazon.co.jp,Facatativá,,57-(557)554-1981
513,Ashley Marshall,amarshalle8@admin.ch,La Gomera,,502-(546)558-9701
514,Harry Harrison,hharrisone9@europa.eu,Conchal,,55-(999)312-7954
515,Albert Roberts,arobertsea@comsenz.com,Xiayunling,,86-(369)241-2828
516,Victor Bailey,vbaileyeb@senate.gov,Ballyboden,,353-(405)187-0411
517,Sandra Peters,spetersec@webmd.com,Odivelas,Beja,351-(679)181-8136
518,Craig Wells,cwellsed@google.com.hk,Dobrá,,420-(803)893-9127
519,Kathryn Simmons,ksimmonsee@wufoo.com,Aryiropoúlion,,30-(930)628-7658
520,Billy Ramirez,bramirezef@scribd.com,Taunggyi,,95-(650)579-7665
521,Dorothy Burke,dburkeeg@buzzfeed.com,Ārifwāla,,92-(265)261-3934
522,Jacqueline Gray,jgrayeh@squarespace.com,Tocoa,,504-(633)578-6349
523,Nicholas Griffin,ngriffinei@uiuc.edu,Yangcheng,,86-(648)836-2063
524,Earl Johnston,ejohnstonej@columbia.edu,Laḩij,,967-(234)571-3095
525,Chris Holmes,cholmesek@drupal.org,Chegutu,,263-(624)113-5155
526,Melissa Butler,mbutlerel@irs.gov,Fort Abbās,,92-(620)193-0887
527,Emily Romero,eromeroem@pagesperso-orange.fr,Pora,,62-(470)412-1874
528,Heather Diaz,hdiazen@g.co,Bella Vista,,54-(386)496-4176
529,Phillip Russell,prusselleo@japanpost.jp,Teuva,,358-(881)426-6704
530,Mildred Marshall,mmarshallep@github.io,Kuusjoki,,358-(589)468-1177
531,Irene Rodriguez,irodriguezeq@usa.gov,Czerniejewo,,48-(672)633-5946
532,Joshua Hawkins,jhawkinser@storify.com,Tartu,,372-(815)705-4586
533,Harry Fernandez,hfernandezes@github.com,Văn Giang,,84-(276)320-3141
534,Alan Carr,acarret@youku.com,Leteki,,62-(506)215-2007
535,Henry Sims,hsimseu@census.gov,Hengshitang,,86-(120)164-5665
536,Denise Morales,dmoralesev@sohu.com,Nanmuping,,86-(138)175-5052
537,Samuel Fowler,sfowlerew@dot.gov,Kasba Tadla,,212-(187)341-7511
538,Emily Murphy,emurphyex@youku.com,Bahāwalnagar,,92-(370)631-6367
539,Eric Peters,epetersey@unesco.org,Paseh,,62-(366)655-5263
540,Thomas Perkins,tperkinsez@miibeian.gov.cn,Roma,Lazio,39-(129)714-4731
541,Timothy Torres,ttorresf0@usnews.com,Gornji Petrovci,,386-(654)909-7168
542,Nancy Wallace,nwallacef1@canalblog.com,Baisha,,86-(889)966-4978
543,Sandra Bailey,sbaileyf2@unblog.fr,Krajan Tekung,,62-(657)469-0078
544,Phyllis Ray,prayf3@tamu.edu,Olhos de Água,Setúbal,351-(529)225-7076
545,Theresa Chavez,tchavezf4@wiley.com,Anticala,,63-(156)181-6867
546,Betty Bell,bbellf5@unc.edu,Pandanrejokrajan,,62-(696)673-1180
547,Jonathan Hamilton,jhamiltonf6@cnn.com,Keratéa,,30-(884)512-2101
548,Marie Stephens,mstephensf7@google.it,Songkar B,,62-(656)934-9793
549,Robert Hall,rhallf8@sakura.ne.jp,Kalkal Barat,,62-(587)453-2553
550,Clarence Olson,colsonf9@usnews.com,Machang,,86-(575)915-6837
551,Billy Fox,bfoxfa@netscape.com,Bala Murghab,,93-(277)279-6242
552,Jonathan Garza,jgarzafb@wufoo.com,Shizuishan,,86-(399)881-3535
553,Evelyn Payne,epaynefc@posterous.com,Ribeira das Taínhas,Ilha de São Miguel,351-(660)869-6507
554,Nicole Andrews,nandrewsfd@facebook.com,Tisno,,385-(798)528-7273
555,Andrew Jenkins,ajenkinsfe@geocities.jp,Ketapang,,62-(294)107-0656
556,Douglas Reid,dreidff@epa.gov,Xinpu,,86-(814)953-7912
557,Willie Medina,wmedinafg@columbia.edu,Hekou,,86-(945)674-9183
558,Anne Schmidt,aschmidtfh@walmart.com,Macachín,,54-(805)456-0152
559,Alice Hunt,ahuntfi@google.fr,Al ‘Ulá,,966-(940)301-3542
560,Jesse Banks,jbanksfj@ycombinator.com,Heitan,,86-(818)247-5942
561,Aaron Berry,aberryfk@naver.com,Shangping,,86-(586)837-9191
562,Eric Torres,etorresfl@ted.com,Tarvasjoki,,358-(296)838-7421
563,Ralph Sanchez,rsanchezfm@jigsy.com,Wiyayu Barat,,62-(746)680-6485
564,Sarah Fisher,sfisherfn@cnbc.com,Telč,,420-(370)624-8785
565,Bonnie Peterson,bpetersonfo@amazon.co.uk,Ouanaminthe,,509-(330)428-8593
566,Earl Ford,efordfp@wikia.com,Quế Sơn,,84-(812)188-2320
567,Keith Dean,kdeanfq@about.com,Tagnanan,,63-(104)647-7867
568,Deborah Harrison,dharrisonfr@alexa.com,Dobryanka,,380-(932)408-3825
569,Joan Bradley,jbradleyfs@simplemachines.org,Lalapanzi,,263-(710)681-6592
570,Mary Perkins,mperkinsft@hexun.com,Pidhaytsi,,380-(936)294-6805
571,Nicholas Franklin,nfranklinfu@howstuffworks.com,Juliaca,,51-(764)875-3249
572,Matthew Russell,mrussellfv@geocities.jp,Quỳ Châu,,84-(475)562-4369
573,Joe Fernandez,jfernandezfw@icio.us,Artsvanist,,374-(879)648-2862
574,Phyllis Taylor,ptaylorfx@facebook.com,Cavadas,Coimbra,351-(284)349-0017
575,Tammy Hanson,thansonfy@weibo.com,Vërtop,,355-(475)806-7755
576,Scott Chapman,schapmanfz@prnewswire.com,Hòa Bình,,84-(470)700-8526
577,Bonnie Reid,breidg0@blogger.com,Matala,,63-(497)387-7839
578,Jeremy Lee,jleeg1@shinystat.com,San Isidro,,63-(737)117-6083
579,Lois Evans,levansg2@newyorker.com,Požarevac,,381-(474)370-8699
580,Maria Fisher,mfisherg3@dedecms.com,Trenton,New Jersey,1-(609)848-6722
581,Emily Davis,edavisg4@comsenz.com,Wenshui,,86-(704)406-4996
582,Joe Mccoy,jmccoyg5@uiuc.edu,Kalipucang,,62-(479)262-4780
583,Christopher Edwards,cedwardsg6@opensource.org,Banjar Bucu,,62-(930)802-9377
584,Thomas Cooper,tcooperg7@google.pl,Ganyan,,86-(740)915-9473
585,Paul Barnes,pbarnesg8@hexun.com,Příšovice,,420-(481)171-6724
586,Tammy Evans,tevansg9@foxnews.com,Gävle,Gävleborg,46-(484)574-0128
587,Sarah Morgan,smorganga@sphinn.com,Jaciara,,55-(894)650-4709
588,Marilyn Little,mlittlegb@google.com.au,Condoroma,,51-(740)470-4290
589,Nicholas Graham,ngrahamgc@pcworld.com,Pujijie,,86-(889)930-0537
590,Albert Hamilton,ahamiltongd@unesco.org,Merke,,7-(675)556-4750
591,Adam Hunt,ahuntge@acquirethisname.com,Staropavlovskaya,,7-(718)917-9407
592,Jerry Rodriguez,jrodriguezgf@wordpress.org,Paris La Défense,Île-de-France,33-(845)690-9023
593,Ernest Bennett,ebennettgg@etsy.com,Yingzai,,86-(554)519-9925
594,Emily Richards,erichardsgh@independent.co.uk,El Guapinol,,504-(372)789-0733
595,Jeremy Lawson,jlawsongi@noaa.gov,Moriki,,234-(276)632-7760
596,Phyllis Dean,pdeangj@squarespace.com,Baojia,,86-(254)119-0645
597,Melissa Garrett,mgarrettgk@marriott.com,Garunggang,,62-(872)376-4547
598,Daniel Meyer,dmeyergl@amazon.de,Hispania,,57-(176)507-9420
599,Joyce Olson,jolsongm@nbcnews.com,Huanggu,,86-(692)970-1890
600,Dennis Coleman,dcolemangn@cdc.gov,Nowy Sącz,,48-(613)396-3233
601,Beverly Martinez,bmartinezgo@nih.gov,Barubandung,,62-(156)257-4557
602,Diane Howard,dhowardgp@cocolog-nifty.com,Los Frentones,,54-(585)888-7489
603,Daniel Little,dlittlegq@people.com.cn,Gaotang,,86-(520)316-2147
604,Antonio King,akinggr@51.la,Yanaul,,7-(646)416-3443
605,Kathryn Simpson,ksimpsongs@feedburner.com,Guayabetal,,57-(467)443-3512
606,Catherine Alvarez,calvarezgt@cpanel.net,Bagong Sikat,,63-(798)148-3583
607,Matthew Hunt,mhuntgu@eepurl.com,Yunhe,,86-(964)214-0071
608,Albert Kim,akimgv@shop-pro.jp,Donglu,,86-(181)248-3474
609,Margaret Lawson,mlawsongw@myspace.com,Akhtarīn,,963-(461)800-4099
610,Brandon Cook,bcookgx@t.co,Saba Yoi,,66-(727)885-2999
611,Steven Foster,sfostergy@admin.ch,Kenyau,,62-(732)704-1127
612,Albert Johnson,ajohnsongz@bbc.co.uk,Linglong,,86-(817)680-8758
613,Robert Kennedy,rkennedyh0@altervista.org,Pojok,,62-(320)482-9880
614,Jean Baker,jbakerh1@chicagotribune.com,Évreux,Haute-Normandie,33-(750)588-8956
615,Laura Rodriguez,lrodriguezh2@gov.uk,Água de Pau,Ilha de São Miguel,351-(476)181-0675
616,David Lawrence,dlawrenceh3@squidoo.com,Mlangali,,255-(370)817-3299
617,Cheryl Baker,cbakerh4@tamu.edu,Half Way Tree,,1-(986)408-7115
618,Gloria Hall,ghallh5@chron.com,Pontalina,,55-(382)185-8781
619,Anne Lewis,alewish6@answers.com,Santa Cristina Couto,Porto,351-(481)781-2393
620,Louise Kelley,lkelleyh7@woothemes.com,Sanyantang,,86-(426)173-2664
621,Carol Payne,cpayneh8@gmpg.org,Carregal,Aveiro,351-(640)167-7475
622,Tina Murray,tmurrayh9@multiply.com,Agraharam,Andhra Pradesh,91-(255)170-3952
623,Evelyn Myers,emyersha@indiatimes.com,Radā‘,,967-(141)481-1016
624,Janet Day,jdayhb@upenn.edu,Kristianstad,Skåne,46-(380)128-7552
625,Sarah Carroll,scarrollhc@pen.io,Asykata,,7-(841)917-5699
626,Phyllis Snyder,psnyderhd@cmu.edu,Sandwīp,,880-(357)304-6535
627,Virginia Richards,vrichardshe@usnews.com,New York City,New York,1-(212)371-8212
628,Annie Wright,awrighthf@loc.gov,Riofrío,,57-(436)157-6739
629,Earl Gonzales,egonzaleshg@shareasale.com,Varkaus,,358-(331)558-4250
630,Charles Rose,crosehh@google.pl,Alicia,,63-(875)923-1561
631,Louise Moore,lmoorehi@weibo.com,Matinha,,55-(849)698-8680
632,Karen Daniels,kdanielshj@sciencedaily.com,Kasukabe,,81-(674)715-9379
633,Harry Bell,hbellhk@twitter.com,Jindayris,,963-(675)807-6802
634,Mary Cruz,mcruzhl@oakley.com,Kandangsapi,,62-(452)877-8014
635,Lisa Williamson,lwilliamsonhm@google.com,Yotsukaidō,,81-(554)752-6374
636,Christopher Ramos,cramoshn@tripadvisor.com,Colón,,53-(966)255-7809
637,Mark Torres,mtorresho@odnoklassniki.ru,Ramat Yishay,,972-(740)248-4135
638,Martin West,mwesthp@facebook.com,Tor,,20-(503)406-3604
639,Stephanie Cruz,scruzhq@wired.com,Penha,,55-(252)439-4467
640,Ashley Rose,arosehr@about.me,Jingyang,,86-(357)738-9214
641,Carl Martin,cmartinhs@stumbleupon.com,Konongo,,233-(295)509-5555
642,Andrew Barnes,abarnesht@networkadvertising.org,Houxi,,86-(202)706-8160
643,Edward Ellis,eellishu@hubpages.com,Pucangkrajan,,62-(208)566-6710
644,Beverly Smith,bsmithhv@unblog.fr,Yawata,,81-(954)351-9971
645,Susan Fields,sfieldshw@yolasite.com,Rantepang,,62-(767)679-8137
646,Martha Garcia,mgarciahx@bandcamp.com,Huancheng,,86-(640)400-0392
647,Donald Gonzales,dgonzaleshy@eepurl.com,Curahkalak Tengah,,62-(112)256-4383
648,Marilyn Harris,mharrishz@mtv.com,Mulong,,86-(359)793-8921
649,Jane Moore,jmoorei0@mail.ru,Cisownica,,48-(110)936-5030
650,Debra Gonzalez,dgonzalezi1@yale.edu,São Sebastião do Caí,,55-(415)146-0352
651,Martha Morris,mmorrisi2@disqus.com,Longmen,,86-(609)867-6739
652,Judith Hudson,jhudsoni3@soup.io,Békéscsaba,Békés,36-(494)698-3695
653,Earl Marshall,emarshalli4@oakley.com,Soio,,244-(713)952-6846
654,Andrew Reyes,areyesi5@istockphoto.com,Cikadongdong,,62-(358)108-1932
655,Chris Meyer,cmeyeri6@angelfire.com,Xixiang,,86-(286)231-4847
656,Janet Alvarez,jalvarezi7@goo.ne.jp,Calingcing,,62-(741)332-3116
657,Jennifer Hawkins,jhawkinsi8@sfgate.com,Komarno,,380-(276)800-6513
658,Joe Jenkins,jjenkinsi9@ft.com,Khong,,66-(561)768-0859
659,Donald Russell,drussellia@businessweek.com,El Carmen,,54-(186)191-4960
660,Beverly Rodriguez,brodriguezib@trellian.com,Kelodan,,62-(453)957-7552
661,Ruby Freeman,rfreemanic@mapquest.com,Charlottesville,Virginia,1-(434)163-4794
662,Willie Cruz,wcruzid@ebay.co.uk,Brazzaville,,242-(979)907-3717
663,James Fields,jfieldsie@bloomberg.com,Cotton Ground,,1-(484)346-3683
664,Mary Hamilton,mhamiltonif@jimdo.com,Ashgabat,,993-(358)385-9447
665,Edward Willis,ewillisig@statcounter.com,Santa Cruz,,56-(318)652-8925
666,Rose Gilbert,rgilbertih@nih.gov,Thành Phố Hạ Long,,84-(207)670-3943
667,Sara Mills,smillsii@google.com,Nihaona,,62-(924)573-0010
668,Paul Perkins,pperkinsij@ocn.ne.jp,Luoping,,86-(560)609-0563
669,Amanda Peterson,apetersonik@dot.gov,Salyan,,994-(141)548-6064
670,Ruth Torres,rtorresil@e-recht24.de,Kuching,Sarawak,60-(664)907-3246
671,Mary Palmer,mpalmerim@vkontakte.ru,Baton Rouge,Louisiana,1-(225)972-8955
672,Louis Morris,lmorrisin@flavors.me,Ronglong,,86-(224)763-5165
673,Scott Ellis,sellisio@microsoft.com,Lenart v Slov. Goricah,,386-(448)627-0738
674,Patrick Brown,pbrownip@skype.com,Xuwei,,86-(101)726-7851
675,Frank Knight,fknightiq@redcross.org,Changsha,,86-(830)667-5783
676,Sarah Hunter,shunterir@nifty.com,Tanda,,20-(866)854-8988
677,Anne Smith,asmithis@wix.com,Dobra,,48-(227)866-9261
678,Judith Cooper,jcooperit@cnet.com,Dapdap,,63-(239)930-9479
679,Teresa Ruiz,truiziu@globo.com,Miaoquan,,86-(437)270-5133
680,Robin Marshall,rmarshalliv@spotify.com,Pagaden,,62-(449)459-8402
681,Julie Price,jpriceiw@cpanel.net,Mandala,,62-(679)962-4087
682,Louise Kim,lkimix@shinystat.com,Martingança,Leiria,351-(481)274-9124
683,Virginia Johnston,vjohnstoniy@newsvine.com,Boji,,86-(337)927-4593
684,Cynthia Warren,cwarreniz@utexas.edu,Bronx,New York,1-(917)783-5545
685,Thomas Rogers,trogersj0@shop-pro.jp,Ketovo,,7-(164)280-6909
686,Patricia Hart,phartj1@un.org,Sairam,,86-(455)521-7082
687,Marilyn Schmidt,mschmidtj2@latimes.com,Zhanping,,86-(762)319-4527
688,Randy Burton,rburtonj3@macromedia.com,Parabon,,62-(940)954-7796
689,Virginia Watkins,vwatkinsj4@accuweather.com,Ózd,Borsod-Abaúj-Zemplén,36-(899)496-3777
690,Kelly Palmer,kpalmerj5@ocn.ne.jp,Tiberias,,972-(328)416-3655
691,William Ward,wwardj6@biblegateway.com,Bocowanti,,62-(914)682-2122
692,Wanda Ray,wrayj7@unc.edu,Opoczno,,48-(597)187-4665
693,Brenda Clark,bclarkj8@examiner.com,Obuasi,,233-(750)881-1878
694,Tina Day,tdayj9@apache.org,Quiaios,Coimbra,351-(208)238-5836
695,Raymond Wallace,rwallaceja@theguardian.com,Birobidzhan,,7-(749)122-4437
696,Russell Howard,rhowardjb@columbia.edu,Nioumamilima,,269-(505)517-3788
697,Dorothy Coleman,dcolemanjc@cbslocal.com,Churovichi,,7-(393)613-3543
698,Phyllis Walker,pwalkerjd@webs.com,Balite,,63-(369)455-1709
699,Christopher Bennett,cbennettje@bravesites.com,Chiba,,86-(575)687-6576
700,Gerald Gonzalez,ggonzalezjf@dropbox.com,Polos,,62-(490)652-3215
701,Walter Edwards,wedwardsjg@behance.net,Västra Frölunda,Västra Götaland,46-(646)997-8429
702,Alice Kelly,akellyjh@paypal.com,Bugang,,63-(406)876-7477
703,Douglas Spencer,dspencerji@booking.com,Novolugovoye,,7-(167)565-8650
704,Denise Bennett,dbennettjj@twitpic.com,Stockholm,Stockholm,46-(721)696-6532
705,James Schmidt,jschmidtjk@booking.com,Iporã,,55-(746)434-6956
706,Emily Smith,esmithjl@wunderground.com,Semikarakorsk,,7-(618)836-2003
707,Cheryl Griffin,cgriffinjm@domainmarket.com,Maliang,,62-(266)606-9129
708,Charles Price,cpricejn@wikimedia.org,Storuman,Västerbotten,46-(304)755-0721
709,Roy Schmidt,rschmidtjo@ihg.com,Żoliborz,,48-(201)741-8992
710,Carol Wagner,cwagnerjp@intel.com,Zerkten,,212-(594)354-8672
711,Adam George,ageorgejq@slate.com,Rivera,,57-(190)146-9077
712,Wayne Martin,wmartinjr@feedburner.com,Jukui,,86-(856)147-8532
713,Nicholas Ryan,nryanjs@arstechnica.com,Alfonso,,63-(925)974-4643
714,Irene Torres,itorresjt@free.fr,Imotski,,385-(259)890-4760
715,Aaron Larson,alarsonju@slate.com,Sam Ngam,,66-(668)931-1412
716,Lois Cook,lcookjv@free.fr,As Sab‘ Biyār,,963-(174)322-1362
717,Angela Gardner,agardnerjw@free.fr,Tarnowskie Góry,,48-(275)314-6782
718,Harry Garrett,hgarrettjx@wikia.com,Crauthem,,352-(546)445-9499
719,Kathleen Richardson,krichardsonjy@networksolutions.com,Sapat,,62-(821)332-9258
720,George Walker,gwalkerjz@marriott.com,Zafarwāl,,92-(276)867-3504
721,Annie Simmons,asimmonsk0@skype.com,Aleksandrovka,,380-(595)980-5689
722,Cynthia Bowman,cbowmank1@tinyurl.com,Ostrówek,,48-(153)544-0329
723,Cheryl Diaz,cdiazk2@umich.edu,San Pedro,,63-(126)661-2381
724,Janice Reyes,jreyesk3@virginia.edu,Caronoan West,,63-(951)743-2149
725,Tammy Vasquez,tvasquezk4@accuweather.com,Chelopech,,359-(652)861-0503
726,Joan Torres,jtorresk5@canalblog.com,Seoam,,62-(445)374-7905
727,Frances Harris,fharrisk6@nhs.uk,Mombaça,,55-(169)217-9646
728,Charles Hicks,chicksk7@bbc.co.uk,Znamenka,,7-(749)853-2454
729,Larry Wells,lwellsk8@dell.com,Waipawa,,64-(213)845-7243
730,Kathleen Sims,ksimsk9@canalblog.com,Wendo,,251-(900)776-8654
731,Michelle Matthews,mmatthewska@cloudflare.com,Petaling Jaya,Selangor,60-(564)401-4879
732,Harry Collins,hcollinskb@psu.edu,Moss,Ostfold,47-(331)724-0167
733,Wayne Johnson,wjohnsonkc@hud.gov,Yarīm,,967-(620)895-4431
734,Earl Andrews,eandrewskd@etsy.com,Ducheng,,86-(178)666-2715
735,Irene Dixon,idixonke@1688.com,Margahayukencana,,62-(639)842-5400
736,Jimmy Greene,jgreenekf@aboutads.info,Cikalong,,62-(742)360-4629
737,Jack Matthews,jmatthewskg@bloglines.com,Hongjiazui,,86-(573)872-9768
738,Brenda Sanders,bsanderskh@deviantart.com,Stockholm,Stockholm,46-(597)997-8658
739,Sara Fisher,sfisherki@sitemeter.com,Negreiros,Braga,351-(523)442-3665
740,Matthew Hicks,mhickskj@tuttocitta.it,Täby,Stockholm,46-(698)482-9834
741,Jason Gray,jgraykk@yandex.ru,Papineauville,Québec,1-(319)353-9046
742,Virginia Tucker,vtuckerkl@vinaora.com,Tavricheskoye,,7-(221)710-4275
743,Gerald Scott,gscottkm@blogs.com,Xiliguantun,,86-(480)743-5663
744,Jimmy Simmons,jsimmonskn@hp.com,Chornomors’ke,,380-(526)887-7013
745,Gary Wagner,gwagnerko@yahoo.com,La Palma,Mexico,52-(300)523-8107
746,Janice Davis,jdaviskp@gov.uk,Kylmäkoski,,358-(322)836-1619
747,Jessica Martinez,jmartinezkq@jalbum.net,Damiku,,86-(479)348-7875
748,Amy Brooks,abrookskr@examiner.com,Luzhi,,86-(258)684-7920
749,Dennis Morgan,dmorganks@auda.org.au,Itaparica,,55-(494)151-8669
750,Louis Matthews,lmatthewskt@slate.com,Kolobovo,,7-(450)619-0880
751,Julie Knight,jknightku@nymag.com,Garwolin,,48-(328)737-4609
752,Wayne Watkins,wwatkinskv@diigo.com,Tuncheng,,86-(390)616-0766
753,Joseph Wallace,jwallacekw@twitter.com,Passos,,55-(299)894-5893
754,Larry Dixon,ldixonkx@china.com.cn,Las Tunas,,53-(938)810-8455
755,Kimberly Sullivan,ksullivanky@earthlink.net,Osias,,63-(724)713-9487
756,Samuel Larson,slarsonkz@ted.com,Embarcación,,54-(671)437-1628
757,Dennis Ellis,dellisl0@tinyurl.com,Horki,,375-(833)533-6579
758,George Bradley,gbradleyl1@alexa.com,Oldřišov,,420-(754)539-8348
759,Dorothy Cole,dcolel2@acquirethisname.com,Liverpool,England,44-(615)511-8736
760,Andrew Griffin,agriffinl3@example.com,Shabel’skoye,,7-(624)263-6285
761,Shirley Welch,swelchl4@ehow.com,Itaocara,,55-(827)788-0555
762,Martin Carter,mcarterl5@cornell.edu,Yuefeng,,86-(440)959-0048
763,Jane Miller,jmillerl6@mlb.com,Havířov,,420-(120)275-0217
764,Nicholas Perry,nperryl7@fema.gov,Casais de Revelhos,Santarém,351-(214)653-4516
765,Jeremy Hill,jhilll8@princeton.edu,Pontal,,55-(915)386-3591
766,Christina Adams,cadamsl9@dot.gov,Selasari,,62-(302)832-3874
767,Marie Gomez,mgomezla@usatoday.com,Manjo,,237-(269)624-5042
768,Marie Hawkins,mhawkinslb@ifeng.com,Araxá,,55-(433)977-9123
769,Bruce Reed,breedlc@ovh.net,Köln,Nordrhein-Westfalen,49-(598)571-5425
770,Joshua Sullivan,jsullivanld@berkeley.edu,Pendiqing,,86-(643)888-0265
771,Todd Jacobs,tjacobsle@utexas.edu,Bombon,,63-(427)844-1299
772,Walter Dunn,wdunnlf@yolasite.com,Triandría,,30-(281)976-7131
773,Daniel Jones,djoneslg@theguardian.com,Mollas,,355-(969)732-7620
774,Tina Wallace,twallacelh@xinhuanet.com,Tahilt,,976-(239)239-5746
775,Todd Harris,tharrisli@intel.com,Dhaka,,880-(559)635-8882
776,Lori Rodriguez,lrodriguezlj@who.int,Dongzhang,,86-(318)975-4638
777,Lawrence Hughes,lhugheslk@xing.com,Acton Vale,Québec,1-(427)157-9165
778,Joe Kelley,jkelleyll@i2i.jp,Wingham,Ontario,1-(604)726-0759
779,Julie Carpenter,jcarpenterlm@economist.com,Johor Bahru,Johor,60-(544)656-1227
780,Janice Nichols,jnicholsln@csmonitor.com,Al Ghizlānīyah,,963-(549)617-8760
781,Bruce Hawkins,bhawkinslo@marketwatch.com,Imotski,,385-(117)414-0576
782,John Watson,jwatsonlp@cnbc.com,Lat Lum Kaeo,,66-(813)439-8743
783,Willie White,wwhitelq@g.co,Cingambul,,62-(460)436-4350
784,Judith Black,jblacklr@japanpost.jp,Chiantla,,502-(783)163-8409
785,Phyllis Cruz,pcruzls@java.com,Solna,Stockholm,46-(134)751-6791
786,Tammy Armstrong,tarmstronglt@shareasale.com,Capayán,,54-(479)986-0356
787,Nancy Robinson,nrobinsonlu@geocities.com,Buffalo,New York,1-(716)373-4091
788,Johnny Bell,jbelllv@ustream.tv,Santaluz,,55-(887)183-2818
789,Shawn Banks,sbankslw@wsj.com,Tarbes,Midi-Pyrénées,33-(544)688-3220
790,Lois Elliott,lelliottlx@yellowpages.com,Villa Ángela,,54-(444)874-6847
791,Beverly Bailey,bbaileyly@nba.com,Bambuí,,55-(622)757-9501
792,Janet Moreno,jmorenolz@i2i.jp,Wotan,,62-(177)145-4469
793,David Berry,dberrym0@slashdot.org,Verkhnya Syrovatka,,380-(354)113-0849
794,Ann Cunningham,acunninghamm1@tinyurl.com,Makungu,,255-(672)928-1909
795,Sean Long,slongm2@columbia.edu,San Antonio,Jalisco,52-(659)804-0438
796,Jonathan Murphy,jmurphym3@ox.ac.uk,Matviyivka,,380-(854)141-7422
797,Amanda Lewis,alewism4@indiegogo.com,Lokolande,,62-(920)705-3341
798,Joshua Kim,jkimm5@arizona.edu,Cilimus Kulon,,62-(229)189-6985
799,Marilyn Torres,mtorresm6@cloudflare.com,Khandagayty,,7-(347)367-0632
800,Henry Alexander,halexanderm7@mozilla.com,Carpentras,Provence-Alpes-Côte d'Azur,33-(454)268-4569
801,Joyce Stewart,jstewartm8@dot.gov,Isakly,,7-(164)300-7124
802,Rebecca White,rwhitem9@sciencedirect.com,Hongtian,,86-(339)916-0105
803,Louis Powell,lpowellma@google.com,Pasar,,62-(425)587-6995
804,Catherine Rose,crosemb@aol.com,Caticugan,,63-(340)458-4036
805,Carl Ross,crossmc@mysql.com,Włocławek,,48-(680)454-2903
806,Steven Willis,swillismd@addtoany.com,Shanxiahu,,86-(192)769-9010
807,Kenneth Day,kdayme@seesaa.net,Shahumyan,,374-(651)145-5279
808,Helen Wheeler,hwheelermf@opera.com,Vatutine,,380-(842)996-5135
809,Nancy Boyd,nboydmg@ebay.co.uk,Ipoh,Perak,60-(743)895-5963
810,Philip Turner,pturnermh@harvard.edu,Luojiang,,86-(294)448-4236
811,Judith Bryant,jbryantmi@telegraph.co.uk,Kuaro,,62-(911)526-5546
812,Joan Warren,jwarrenmj@furl.net,Stockholm,Stockholm,46-(275)605-8434
813,Earl Flores,efloresmk@instagram.com,Somba,,62-(904)983-3978
814,Sharon Graham,sgrahamml@photobucket.com,Ksawerów,,48-(777)218-4496
815,Maria Berry,mberrymm@huffingtonpost.com,Vũ Thư,,84-(284)437-9889
816,Nicole Warren,nwarrenmn@51.la,Nāḩīyat Saddat al Hindīyah,,964-(720)427-6360
817,Emily Harvey,eharveymo@themeforest.net,Kallithéa,,30-(285)295-2463
818,Daniel Ramirez,dramirezmp@ucoz.ru,Ban Khlong Bang Sao Thong,,66-(651)660-2453
819,Maria Rogers,mrogersmq@cdc.gov,Cipunglu,,62-(718)673-5338
820,Jacqueline Phillips,jphillipsmr@scientificamerican.com,Dolinsk,,7-(886)839-7118
821,Cynthia Oliver,coliverms@t-online.de,Dongpu,,86-(828)777-3646
822,Gloria Hansen,ghansenmt@wordpress.com,Zunilito,,502-(239)383-9584
823,Alice Carter,acartermu@virginia.edu,Spandaryan,,374-(427)343-8042
824,Janice Gonzalez,jgonzalezmv@naver.com,Kotovo,,7-(769)984-1128
825,Douglas Kim,dkimmw@virginia.edu,Rio Grande da Serra,,55-(371)369-5917
826,Russell Bailey,rbaileymx@bravesites.com,Yangxi,,86-(493)228-7968
827,Susan Weaver,sweavermy@ed.gov,Bronnitsy,,7-(123)244-3605
828,Catherine Sanchez,csanchezmz@creativecommons.org,Pingle,,86-(146)616-9505
829,Jessica Fowler,jfowlern0@gizmodo.com,Warungbanten,,62-(316)695-6708
830,Stephanie Olson,solsonn1@pagesperso-orange.fr,Tiznit,,212-(152)957-6167
831,Donald Griffin,dgriffinn2@123-reg.co.uk,Poroçan,,355-(335)802-2532
832,Louis Harper,lharpern3@technorati.com,Lysice,,420-(318)208-7881
833,Daniel Ferguson,dfergusonn4@ebay.com,Milwaukee,Wisconsin,1-(262)948-3210
834,Karen Ward,kwardn5@blogtalkradio.com,Mwense,,260-(523)887-1719
835,Paul Wood,pwoodn6@cargocollective.com,Vila Nova de Gaia,Porto,351-(527)983-7167
836,Benjamin Morrison,bmorrisonn7@baidu.com,Ngantru,,62-(281)466-3936
837,Edward Washington,ewashingtonn8@unblog.fr,Al Buţayḩah,,963-(688)592-4865
838,Samuel Moreno,smorenon9@cmu.edu,Catungawan Sur,,63-(196)369-2968
839,Jeremy Griffin,jgriffinna@godaddy.com,Goiatuba,,55-(984)390-2342
840,Eric Mccoy,emccoynb@disqus.com,Midland,Ontario,1-(535)355-0814
841,Margaret Ross,mrossnc@opera.com,Evijärvi,,358-(539)380-4670
842,Carlos Spencer,cspencernd@dedecms.com,Shinpokh,,92-(271)321-6792
843,Kathryn Parker,kparkerne@discuz.net,Bangshipu,,86-(883)360-0164
844,Anthony Sanders,asandersnf@etsy.com,Kwaluseni,,268-(767)820-0424
845,Shirley Garza,sgarzang@a8.net,Stockholm,Stockholm,46-(138)206-2990
846,Earl Daniels,edanielsnh@i2i.jp,Az Zāhir,,967-(921)879-6389
847,Ruby Hernandez,rhernandezni@census.gov,Taitung City,,886-(178)684-3271
848,Walter Reid,wreidnj@sitemeter.com,Altay sumu,,976-(384)502-9262
849,Angela Gardner,agardnernk@unicef.org,Cihaur,,62-(139)731-3761
850,Julia Johnson,jjohnsonnl@alibaba.com,Dongfeng,,86-(201)428-1163
851,Evelyn Kelley,ekelleynm@mac.com,Chaoyang,,86-(531)640-5962
852,Jose Howard,jhowardnn@ustream.tv,Stary Sącz,,48-(768)543-7475
853,Craig Henry,chenryno@loc.gov,Bulawin,,63-(675)339-4742
854,Virginia Banks,vbanksnp@nature.com,Savran’,,380-(968)497-8764
855,Johnny Rodriguez,jrodrigueznq@stumbleupon.com,Zhongxing,,86-(796)686-8815
856,Chris Carter,ccarternr@gizmodo.com,Hongcheng,,86-(831)838-8224
857,Stephen Mccoy,smccoyns@sourceforge.net,Barreiros,Porto,351-(124)173-7979
858,Justin Jacobs,jjacobsnt@vk.com,Youcheng,,86-(135)672-5512
859,Lori Reid,lreidnu@miitbeian.gov.cn,Břasy,,420-(885)216-9076
860,Kimberly Armstrong,karmstrongnv@netlog.com,Balma,Midi-Pyrénées,33-(294)171-8524
861,Clarence Bishop,cbishopnw@seattletimes.com,Tarnogskiy Gorodok,,7-(164)532-8903
862,Billy Sanders,bsandersnx@boston.com,Babice,,48-(933)687-6289
863,Ernest Bell,ebellny@ameblo.jp,Xaysetha,,856-(209)525-6584
864,Barbara Lawson,blawsonnz@tumblr.com,Fengren,,86-(950)127-1179
865,Sara Morris,smorriso0@nsw.gov.au,Gaza,,970-(777)530-4305
866,Eric Gonzales,egonzaleso1@hud.gov,Al Qanāyāt,,20-(714)138-0903
867,Gregory Palmer,gpalmero2@privacy.gov.au,Mlonggo,,62-(710)268-8790
868,Stephanie Kelly,skellyo3@zimbio.com,Belas,Lisboa,351-(152)515-1589
869,Ernest Lopez,elopezo4@jugem.jp,Chunhu,,86-(327)422-9947
870,Andrea Bradley,abradleyo5@wiley.com,Santa Cruz,Ilha da Madeira,351-(765)250-1878
871,Pamela Morales,pmoraleso6@ted.com,Chengjiang,,86-(453)158-0117
872,Norma Wright,nwrighto7@theguardian.com,Jönköping,Jönköping,46-(873)944-4075
873,Richard Sullivan,rsullivano8@whitehouse.gov,Greensboro,North Carolina,1-(336)235-7707
874,Debra Foster,dfostero9@issuu.com,Drumcondra,,353-(815)220-4435
875,Raymond White,rwhiteoa@bloglines.com,Rencun,,86-(162)235-6791
876,Melissa Bishop,mbishopob@dion.ne.jp,Weda,,62-(147)861-4858
877,Justin Boyd,jboydoc@topsy.com,Labin,,385-(245)284-8392
878,Frank Sanchez,fsanchezod@pcworld.com,Berehomet,,380-(276)274-5183
879,Martin Boyd,mboydoe@jigsy.com,Juarez,Chihuahua,52-(594)409-6419
880,Linda Long,llongof@google.com.au,Chuanxi,,86-(245)142-9751
881,Craig Powell,cpowellog@indiatimes.com,Herrljunga,Västra Götaland,46-(185)731-9380
882,Kimberly Perkins,kperkinsoh@nytimes.com,Manwakh,,967-(798)328-6456
883,Irene Young,iyoungoi@theatlantic.com,Karlskrona,Blekinge,46-(912)268-0893
884,Ruth Wood,rwoodoj@t.co,Río Campo,,240-(493)953-9682
885,Andrea Montgomery,amontgomeryok@google.pl,Saint-Eustache,Québec,1-(215)213-0761
886,Susan Ellis,sellisol@is.gd,São Raimundo Nonato,,55-(112)618-1811
887,Angela King,akingom@walmart.com,Putou,,86-(648)812-3661
888,Justin Williamson,jwilliamsonon@4shared.com,Pulorejo,,62-(809)304-9216
889,Randy Simpson,rsimpsonoo@desdev.cn,Satuek,,66-(296)812-4963
890,Stephen Torres,storresop@telegraph.co.uk,New Orleans,Louisiana,1-(504)152-1689
891,Ernest Bennett,ebennettoq@devhub.com,Cinunjang,,62-(754)425-2604
892,Janice Wood,jwoodor@jigsy.com,Néma,,222-(721)208-0711
893,Douglas Bell,dbellos@gnu.org,Maduao,,63-(135)126-1349
894,Ronald Dean,rdeanot@omniture.com,Ratíškovice,,420-(217)892-5130
895,Victor Green,vgreenou@pbs.org,Sidi Redouane,,212-(775)134-7926
896,Rebecca Gibson,rgibsonov@narod.ru,Paris 12,Île-de-France,33-(811)886-3763
897,Phyllis Larson,plarsonow@privacy.gov.au,Gunajaya,,62-(140)663-7665
898,Kenneth Brooks,kbrooksox@ehow.com,Zawiya,,218-(518)695-8672
899,Janet Carter,jcarteroy@geocities.com,Alue Glumpang,,62-(332)297-9976
900,Gregory Roberts,grobertsoz@house.gov,Donghuang,,86-(554)856-1497
901,Cynthia Ford,cfordp0@auda.org.au,Kuhmo,,358-(616)727-4165
902,Karen Watson,kwatsonp1@qq.com,Bronx,New York,1-(347)332-9928
903,Lillian Hanson,lhansonp2@xrea.com,Boden,Norrbotten,46-(371)145-2473
904,Ruby Mendoza,rmendozap3@fda.gov,Dū Laīnah,,93-(358)804-3282
905,Sara Morrison,smorrisonp4@arizona.edu,Huikou,,86-(524)358-0812
906,Jimmy Morrison,jmorrisonp5@homestead.com,Bindura,,263-(327)951-5095
907,Diana Austin,daustinp6@google.com.br,Yangxi,,86-(172)406-9434
908,Justin Willis,jwillisp7@opera.com,Takedamachi,,81-(771)585-1558
909,Elizabeth Gardner,egardnerp8@washingtonpost.com,Tadotsu,,81-(129)212-2716
910,Patricia Anderson,pandersonp9@dion.ne.jp,Quezalguaque,,505-(281)897-4673
911,Ryan Adams,radamspa@uol.com.br,Bichura,,7-(765)109-3133
912,Sara Stevens,sstevenspb@mapquest.com,Krajan,,62-(560)630-5836
913,Harold Boyd,hboydpc@canalblog.com,Stockholm,Stockholm,46-(870)535-5879
914,Joan Cox,jcoxpd@blog.com,Salinungan Proper,,63-(864)373-9701
915,Henry Burton,hburtonpe@wufoo.com,Kusatsu,,81-(965)547-6294
916,Joshua Rose,jrosepf@mediafire.com,Wolin,,48-(720)409-2678
917,Ruth Pierce,rpiercepg@cdbaby.com,Norfolk,Virginia,1-(757)126-1824
918,Julia Young,jyoungph@lulu.com,Kvasy,,380-(578)603-9501
919,Judith Dixon,jdixonpi@zdnet.com,Liantan,,86-(293)881-5582
920,Irene Nguyen,inguyenpj@buzzfeed.com,Huotong,,86-(864)696-2419
921,Samuel Washington,swashingtonpk@themeforest.net,Belfast,Northern Ireland,44-(646)220-0249
922,Paul Wells,pwellspl@nasa.gov,Corga,Viana do Castelo,351-(248)860-8262
923,Joshua Campbell,jcampbellpm@cornell.edu,Debrecen,Hajdú-Bihar,36-(202)396-0585
924,Janice Jenkins,jjenkinspn@youku.com,Căuşeni,,373-(381)805-0152
925,Katherine Hunt,khuntpo@mayoclinic.com,Igarra,,234-(860)269-8849
926,Evelyn Gonzales,egonzalespp@oracle.com,Amadeo,,63-(812)341-1076
927,Judith Webb,jwebbpq@apache.org,Cruzeiro,,55-(111)560-5165
928,Judith Holmes,jholmespr@theglobeandmail.com,Radoboj,,385-(458)680-7223
929,Matthew Thompson,mthompsonps@japanpost.jp,Yongjiu,,86-(430)931-5964
930,Mildred White,mwhitept@icq.com,Ayaviri,,51-(162)686-3810
931,Jason Gonzalez,jgonzalezpu@stanford.edu,Arpajon,Île-de-France,33-(713)133-2363
932,Roy Foster,rfosterpv@hostgator.com,Stockholm,Stockholm,46-(369)464-0798
933,Brian Matthews,bmatthewspw@macromedia.com,Amānzī,,93-(652)488-3245
934,Sharon Scott,sscottpx@studiopress.com,Nangen,,82-(262)528-1786
935,Arthur Palmer,apalmerpy@wikimedia.org,Căuşeni,,373-(550)811-9702
936,Timothy Gonzales,tgonzalespz@homestead.com,Catriel,,54-(401)941-4659
937,Victor Gomez,vgomezq0@hp.com,Igboho,,234-(640)155-1451
938,Ashley Greene,agreeneq1@tmall.com,Mueang Nonthaburi,,66-(114)344-3260
939,Jane Gilbert,jgilbertq2@umn.edu,Macheke,,263-(669)617-4465
940,Patricia Carpenter,pcarpenterq3@thetimes.co.uk,Brumadinho,,55-(417)993-6327
941,Helen Shaw,hshawq4@whitehouse.gov,Chalandrítsa,,30-(593)917-9072
942,Teresa Wells,twellsq5@whitehouse.gov,El Cantón de San Pablo,,57-(267)991-0861
943,Teresa Ortiz,tortizq6@japanpost.jp,Wengtian,,86-(936)432-9197
944,George Lewis,glewisq7@cnbc.com,Revolucion Verde,Tamaulipas,52-(700)788-8115
945,Jonathan Robertson,jrobertsonq8@friendfeed.com,Changyanbao,,86-(143)658-7583
946,David Carpenter,dcarpenterq9@purevolume.com,Novoanninskiy,,7-(540)706-9196
947,Jeremy Harris,jharrisqa@theglobeandmail.com,New Shagunnu,,234-(888)122-4968
948,Emily Alexander,ealexanderqb@microsoft.com,Ma‘lūlā,,963-(824)378-8148
949,Jeremy Coleman,jcolemanqc@sakura.ne.jp,Chenfang,,86-(219)652-1456
950,Jennifer Austin,jaustinqd@yale.edu,Perstorp,Skåne,46-(973)172-2979
951,Albert Simpson,asimpsonqe@skype.com,Kyjov,,420-(382)751-7063
952,Steve Black,sblackqf@psu.edu,Karlstad,Värmland,46-(561)583-6761
953,Jack Kelly,jkellyqg@sfgate.com,Al Qanāyāt,,20-(155)465-2974
954,Patrick Price,ppriceqh@zimbio.com,Muchkapskiy,,7-(888)472-2888
955,Steve Murphy,smurphyqi@businesswire.com,Nova Iguaçu,,55-(516)837-5190
956,Teresa Anderson,tandersonqj@hostgator.com,Kaédi,,222-(493)869-4208
957,George Brown,gbrownqk@etsy.com,Ribeira,Viseu,351-(920)765-5958
958,Alice Grant,agrantql@oaic.gov.au,Youxi,,86-(357)623-9048
959,Henry Burton,hburtonqm@hexun.com,Gierałtowice,,48-(602)554-7483
960,Alan James,ajamesqn@apache.org,Fushi,,86-(991)982-4757
961,Rose Young,ryoungqo@cargocollective.com,Byala Slatina,,359-(269)732-1340
962,Margaret James,mjamesqp@shop-pro.jp,Alfenas,,55-(151)908-0200
963,Frank Matthews,fmatthewsqq@senate.gov,Coronel Vivida,,55-(951)528-4546
964,Gloria Chapman,gchapmanqr@fema.gov,Sukadana,,62-(294)764-2335
965,Doris Hudson,dhudsonqs@nature.com,Hanlin,,86-(810)259-3350
966,Aaron Evans,aevansqt@sciencedirect.com,Blon’,,375-(408)267-8959
967,Christine Bell,cbellqu@1und1.de,Talayan,,63-(302)551-8074
968,Carl Shaw,cshawqv@webnode.com,Gongchang,,86-(300)393-6615
969,Elizabeth Williamson,ewilliamsonqw@nbcnews.com,Baryshevo,,7-(835)632-7644
970,Rachel Knight,rknightqx@ebay.com,Xinhua,,86-(765)662-3126
971,George Peterson,gpetersonqy@cbc.ca,Şurmān,,218-(617)920-9641
972,Sean Cruz,scruzqz@nasa.gov,Bīrganj,,977-(764)113-5130
973,Margaret Grant,mgrantr0@google.com.au,Cibinong,,62-(488)274-8540
974,Sean Stevens,sstevensr1@hc360.com,Kaliro,,256-(643)882-9719
975,Louise Thomas,lthomasr2@instagram.com,Thung Yang Daeng,,66-(595)807-0694
976,Douglas Fernandez,dfernandezr3@cmu.edu,Luksuhin,,63-(738)718-2190
977,Martha Dunn,mdunnr4@google.it,Fontana,,54-(142)780-4925
978,Victor Garza,vgarzar5@phpbb.com,Stąporków,,48-(211)521-1397
979,Frank Walker,fwalkerr6@nifty.com,Yallahs,,1-(347)523-3990
980,Cheryl Cook,ccookr7@goo.ne.jp,Stratónion,,30-(545)806-6039
981,Anne Bowman,abowmanr8@mashable.com,Sardasht,,98-(487)820-3776
982,Michelle Hawkins,mhawkinsr9@myspace.com,Governor’s Harbour,,1-(957)195-1665
983,Harold Bailey,hbaileyra@pcworld.com,Ciyu,,86-(565)566-1853
984,Evelyn Hudson,ehudsonrb@goo.ne.jp,Romny,,7-(340)214-6246
985,Brenda Boyd,bboydrc@si.edu,Xinle,,86-(324)786-9641
986,Gary Stanley,gstanleyrd@wikipedia.org,Jugantang,,62-(383)195-1855
987,Christina King,ckingre@webnode.com,Patapan,,62-(228)447-5055
988,Karen Stewart,kstewartrf@yahoo.co.jp,Studzionka,,48-(996)254-6202
989,Anne Snyder,asnyderrg@tuttocitta.it,San Nicolas,,63-(161)714-0648
990,Phillip Fox,pfoxrh@cisco.com,Uozu,,81-(229)645-7120
991,Martin West,mwestri@toplist.cz,Trondheim,Sor-Trondelag,47-(449)143-4128
992,Jerry Hall,jhallrj@google.co.jp,Amagarapati,,62-(222)854-1902
993,Dennis Wilson,dwilsonrk@imageshack.us,Loanda,,55-(233)456-1656
994,Martha Anderson,mandersonrl@php.net,Wąbrzeźno,,48-(686)839-4666
995,Ernest Richardson,erichardsonrm@independent.co.uk,Osiek nad Notecią,,48-(202)693-0474
996,Amanda Price,apricern@ed.gov,Melíti,,30-(107)873-0462
997,Ruth Henderson,rhendersonro@goo.gl,5 de Mayo,Tamaulipas,52-(221)154-7737
998,Phyllis Russell,prussellrp@wikia.com,Kvissleby,Västernorrland,46-(735)194-2100
999,Annie Sims,asimsrq@forbes.com,Tominian,,223-(371)249-0485
1000,George Lane,glanerr@accuweather.com,Komsomol’skiy,,998-(402)454-1562
